,name,longitude,latitude,timestamp,free_bikes,empty_slots,total_slots,rating_mean,venue,venue_type
0,368 - Tolstoi - Lorenteggio,9.149430356583878,45.453710246267775,2025-02-07T23:19:44.932063Z,20,8,30,3.0,2,"Thrift Stores, Baby Gear & Furniture, Women's Clothing Cocktail Bar, Café"
1,25 - Centrale 1,9.202571958303452,45.48545592591419,2025-02-07T23:19:44.938124Z,12,8,24,,1," Clothing Store, Shoe Store"
2,161 - Coni Zugna - Solari,9.16801035404205,45.4570790609292,2025-02-07T23:19:44.936019Z,27,4,36,0.0,5,Fashion Clothing Store
3,16 - Moscova,9.18455958366394,45.4775338860989,2025-02-07T23:19:44.938271Z,12,10,24,,5," Clothing Store, Women's Store"
4,359 - Tertulliano - Caroncini,9.21804812568328,45.449209375464,2025-02-07T23:19:44.932234Z,18,5,27,,0,Fashion/Café/Bus
5,352 - Cordusio,9.18622358536001,45.4655540606139,2025-02-07T23:19:44.932351Z,14,15,30,3.75,3,"Accessories Café, Restaurant"
6,65 - Bertarelli,9.187534153461456,45.4585296153456,2025-02-07T23:19:44.937264Z,11,12,24,,0,Fashion/Café/Bus
7,24 - Tricolore,9.205842912197111,45.4677795495416,2025-02-07T23:19:44.938140Z,18,7,27,1.3333333333333333,4,"Leather Goods Café, Restaurant"
8,313 - Ca' Granda - F. Testi,9.200289733707905,45.506626046713706,2025-02-07T23:19:44.933205Z,22,4,30,2.433333333333333,5,"Shoe Stores, Men's Clothing, Women's Clothing Café"
9,130 - XXII Marzo,9.212489426136017,45.46218875996901,2025-02-07T23:19:44.936611Z,26,8,36,4.75,5,"Coffee & Tea Café, Restaurant"
10,139 - Lazio - Vasari - Morosini,9.20820727944374,45.45533213750292,2025-02-07T23:19:44.935848Z,28,0,30,7.6,3," Café, Restaurant"
11,351 - Duomo 2 - Foscolo,9.1911407472792,45.4647602708966,2025-02-07T23:19:44.932401Z,14,19,33,4.0,7,Women's Clothing Shoe Store
12,83 - Rastrelli - Pecorari,9.191029719437132,45.4623491113649,2025-02-07T23:19:44.936949Z,24,9,36,5.0,1,Men's Clothing 
13,203 - Taramelli RL,9.19381186366081,45.4907689453302,2025-02-07T23:19:44.936171Z,11,22,36,4.0,1,Fashion 
14,216 - Romagna - Pascoli,9.2242174,45.4764271,2025-02-07T23:19:44.935040Z,19,14,36,0.0,2,"Sports Wear Jewelry Store, Watch Store"
15,71 - Medaglie D'Oro 2,9.202967584133148,45.4518635297906,2025-02-07T23:19:44.937157Z,13,5,18,3.8,1,"Men's Clothing, Women's Clothing, Lingerie "
16,281 - Stefini - Ressi,9.202852919697762,45.4968635864226,2025-02-07T23:19:44.932683Z,20,7,30,3.5,2,Men's Clothing Jewelry Store
17,370 - Primaticcio - Corba,9.13344878650244,45.4530012694861,2025-02-07T23:19:44.932283Z,15,13,30,0.0,5,"Coffee & Tea Home Improvement Service, Computers and Electronics Retail, Shoe Store, Housewares Store, Luggage Store"
18,128 - Indipendenza-Castel Morrone,9.21466737985611,45.4682780284177,2025-02-07T23:19:44.935910Z,12,24,36,2.5,2,Women's Clothing 
19,136 - Montenero - Spartaco,9.207648038864136,45.4601362818685,2025-02-07T23:19:44.936626Z,8,18,27,0.0,2,"Bars, Cafes, Coffee & Tea Jewelry Store"
20,324 - Staz. Greco - Pirelli - Cozzi,9.213593155145643,45.5128561793357,2025-02-07T23:19:44.932750Z,15,12,30,4.0,4,"Children's Clothing Cocktail Bar, Café, Coffee Shop"
21,357 - Ciceri Visconti - Martini,9.22033353904083,45.4557114393844,2025-02-07T23:19:44.932216Z,22,9,36,5.35,2,"Jewelry, Accessories Café, Coffee Shop, Restaurant"
22,82 - Dell'Umanitaria,9.200611263513563,45.45807432212791,2025-02-07T23:19:44.936842Z,0,23,24,,1, Fashion Accessories Store
23,133 - Dateo,9.21672195196151,45.4684529652424,2025-02-07T23:19:44.935647Z,18,13,36,8.1,2, Clothing Store
24,23 - Regina Margherita,9.20530915260315,45.4582342395861,2025-02-07T23:19:44.938155Z,17,6,24,,3, Clothing Store
25,158 - Naviglio G.Valenza,9.16759729385375,45.4498182024788,2025-02-07T23:19:44.935351Z,31,1,33,2.6,5,"Sports Wear, Education "
26,163 - Rosario,9.16284441947937,45.4549332631759,2025-02-07T23:19:44.935770Z,20,15,36,1.75,3,Fashion Clothing Store
27,7 - Santa Maria Beltrade,9.18682873249054,45.4627662999143,2025-02-07T23:19:44.938395Z,13,11,30,1.3333333333333333,7,Fashion Jewelry Store
28,62 - Treves,9.186791181564333,45.47507195002208,2025-02-07T23:19:44.937308Z,8,12,24,5.275,5,Shoe Stores Fashion Retail
29,310 - Istria M5 - F. Testi,9.198427945375444,45.5017751069887,2025-02-07T23:19:44.933187Z,23,2,30,4.0,1,Lingerie 
30,175 - Pagano - Guido D'Arezzo,9.16047066450119,45.4682554558846,2025-02-07T23:19:44.936729Z,21,12,36,3.0,4,Leather Goods Café
31,79 - Baracca,9.165100157260897,45.466436456215305,2025-02-07T23:19:44.938488Z,9,25,36,0.0,12,Shoe Stores Clothing Store
32,107 - S.Gioachimo,9.1970694065094,45.48086268896389,2025-02-07T23:19:44.936065Z,5,33,39,,1," Café, Restaurant"
33,239 - Marussig - Castelvetro,9.165998804674018,45.4864153338653,2025-02-07T23:19:44.933312Z,27,2,30,0.0,1,Shoe Stores 
34,74 - Dante - San Tomaso,9.184052646160126,45.467059098697085,2025-02-07T23:19:44.940857Z,8,7,15,3.4,2,Shoe Stores 
35,220 - Sempione - Castelvetro,9.162514410118888,45.48354588650152,2025-02-07T23:19:44.932650Z,22,2,30,1.5,5,"Fashion Audiovisual Service, Import and Export Service, Clothing Store, Jewelry Store, Men's Store, Luggage Store"
36,69 - S. Nazaro in Brolo,9.192578047513962,45.45832642709111,2025-02-07T23:19:44.937203Z,14,10,24,4.3,8,"Shoe Stores Technology Business, Fashion Retail"
37,367 - Velasquez - Osoppo,9.141293924937427,45.46746408237823,2025-02-07T23:19:44.932029Z,13,13,27,3.55,7,"Fashion Event Service, Bridal Store"
38,84 - Cadorna 2,9.17622596025467,45.4690323220327,2025-02-07T23:19:44.937053Z,4,25,30,1.6666666666666667,6,"Children's Clothing Jewelry Store, Watch Store"
39,110 - S. F. Romana,9.208573400974274,45.47641201642088,2025-02-07T23:19:44.935817Z,30,0,33,4.375,3,"Fashion Café, Diner"
40,90 - Gioia - Vespucci,9.191514967295715,45.481196228139765,2025-02-07T23:19:44.937024Z,14,8,24,,0,Fashion/Café/Bus
41,35 - Torino - Carrobbio,9.181896150112152,45.46046551115969,2025-02-07T23:19:44.937984Z,19,1,21,,0,Fashion/Café/Bus
42,152 - San Gottardo - Gentilino,9.179865717887878,45.4488980632437,2025-02-07T23:19:44.935525Z,34,1,36,,1," Bar, Café"
43,248 - Teodorico - Gattamelata,9.151471906952793,45.4844913771267,2025-02-07T23:19:44.934394Z,18,4,24,,0,Fashion/Café/Bus
44,165 - Savona - Tolstoj,9.151406988658463,45.45008812692416,2025-02-07T23:19:44.934996Z,32,4,36,,4," Bar, Café"
45,302 - De Angeli - Ripamonti,9.198437386803562,45.443269551542,2025-02-07T23:19:44.933360Z,14,14,30,0.0,1,Shoe Stores 
46,141 - Caldara / Curtatone,9.202954173088074,45.4551073006702,2025-02-07T23:19:44.936535Z,19,1,24,2.0,3,Women's Clothing Jewelry Store
47,350 - Beccaria  2- Bersaglieri,9.19483504416882,45.46314852,2025-02-07T23:19:44.932417Z,15,17,33,,2, Café
48,502 - UniCredit - Lampugnano M1,9.12624654490679,45.4896150218253,2025-02-07T23:19:44.931961Z,18,18,36,2.8,4,Leather Goods Café
49,155 - Naviglio Pavese - Torricelli,9.176384210586548,45.44425009578552,2025-02-07T23:19:44.935554Z,14,15,30,2.0,2,Children's Clothing 
50,125 - Fratelli Bandiera,9.21027392148971,45.4705427599494,2025-02-07T23:19:44.935958Z,18,17,36,3.5,2,"Accessories, Women's Clothing Men's Store"
51,190 - Milizie - Tortona,9.155913645081457,45.450379781127,2025-02-07T23:19:44.933376Z,22,7,30,,2, Café
52,42 - San Pietro all'Orto,9.195663928985596,45.4661448841087,2025-02-07T23:19:44.937608Z,9,13,24,,0,Fashion/Café/Bus
53,503 -Bovio - Crespi,9.18452979160363,45.5029420194373,2025-02-07T23:19:44.931978Z,25,10,39,,0,Fashion/Café/Bus
54,122 - Bassini - Grossich,9.235124588012695,45.48096424257,2025-02-07T23:19:44.934966Z,29,7,36,4.3,2,"Grocery, Accessories Food and Beverage Service, Café"
55,330 - Suzzani - Arezzo,9.209349900484083,45.526812030198485,2025-02-07T23:19:44.933154Z,5,23,30,4.916666666666667,5,"Home Decor, Used, Vintage & Consignment Clothing Store, Shoe Store"
56,121 - Melchiorre Gioia - Galvani,9.198075234889984,45.486803267063976,2025-02-07T23:19:44.935600Z,12,14,27,5.0,1,Women's Clothing 
57,37 - Italia - San Martino,9.186992347240448,45.45302634150112,2025-02-07T23:19:44.937950Z,4,20,24,4.0,4,Children's Clothing Clothing Store
58,72 - Cardinal Ferrari,9.19266790151596,45.4566068231002,2025-02-07T23:19:44.940876Z,8,11,21,3.0,2,"Bars, Cafes, Coffee & Tea Café"
59,249 - Vigliani - Scarampo,9.148432937249709,45.4825899686547,2025-02-07T23:19:44.934626Z,10,18,30,0.0,5,Fashion Jewelry Store
60,378 - San Gimignano - Soderini,9.135837717010643,45.454482280084505,2025-02-07T23:19:44.932046Z,23,4,27,4.5,1,"Sports Wear, Shoe Stores "
61,103 - Arco della Pace 2 - Pagano,9.17171984910965,45.47507947329081,2025-02-07T23:19:44.936979Z,21,2,24,7.7,1," Bar, Café, Sandwich Spot"
62,149 - Bonomelli,9.213240498356754,45.4406659126486,2025-02-07T23:19:44.934814Z,31,5,36,1.5,3,"Antiques, Used, Vintage & Consignment "
63,323 - Temolo - Innovazione,9.210902228951454,45.51133089910579,2025-02-07T23:19:44.933106Z,24,1,30,1.925,5,Coffee & Tea Jewelry Store
64,381 - Primaticcio - Legioni Romane,9.12967044518899,45.459189635387,2025-02-07T23:19:44.932250Z,22,8,30,3.075,6,"Shoe Stores, Outlet Stores Jewelry Store"
65,236 - Mac Mahon - Caracciolo,9.161051416449482,45.4911667668979,2025-02-07T23:19:44.934502Z,26,1,30,,2, Jewelry Store
66,167 - Foppa - Caravaggio,9.162113517522812,45.4581288822529,2025-02-07T23:19:44.935723Z,18,16,36,2.0,4,Shoe Stores Clothing Store
67,112 - Napo Torriani De Lellis,9.20330286026001,45.4822054385213,2025-02-07T23:19:44.936520Z,16,10,27,3.0,5,Lingerie Fashion Accessories Store
68,341 - Cuoco - Monte Cimone,9.22483993199514,45.450499246255,2025-02-07T23:19:44.932550Z,2,27,30,0.0,2,Lingerie 
69,264 - Rio De Janeiro - Sarto,9.223651438951492,45.472641881667,2025-02-07T23:19:44.934346Z,14,10,24,,1, Shoe Store
70,312 - De Marchi - Bottelli,9.211283102631567,45.5032480096457,2025-02-07T23:19:44.933009Z,7,18,30,2.15,3,"Used, Vintage & Consignment Café, Restaurant"
71,258 - Maciachini - Marche,9.186860972695284,45.4979833097212,2025-02-07T23:19:44.934487Z,7,19,30,2.75,7,"Women's Clothing, Accessories, Home Decor Clothing Store"
72,178 - V Alpini,9.167705923318865,45.472243129793206,2025-02-07T23:19:44.936265Z,7,22,30,6.6,1," Café, Coffee Shop, Gastropub"
73,252 - Bovisa - Lambruschini,9.158547627948792,45.50218060550552,2025-02-07T23:19:44.933271Z,2,25,30,7.3,2, Clothing Store
74,54 - Sant'Eustorgio- P.ta Ticinese,9.180753529071808,45.45520137476789,2025-02-07T23:19:44.937428Z,19,9,30,1.3333333333333333,6,"Shoe Repair, Accessories, Shoe Stores Shoe Store"
75,56 - Bastioni di Porta Venezia,9.20055091381073,45.4759427617077,2025-02-07T23:19:44.937398Z,13,10,24,4.0,4,Sports Wear Café
76,180 - Canova - Sangiorgio,9.168325513601305,45.475452814240015,2025-02-07T23:19:44.936504Z,17,10,30,0.0,1,Fashion 
77,192 - Col di Lana - Col Moschin,9.184643682819852,45.451882672812985,2025-02-07T23:19:44.936641Z,25,8,36,1.3333333333333333,4,"Lingerie, Women's Clothing Shoe Store"
78,384 - Gabrio Rosa,9.22423362461106,45.4370981185808,2025-02-07T23:19:44.932500Z,26,3,30,2.8,3,"Surf Shop Cocktail Bar, Café, Restaurant"
79,68 - Rotonda della Besana,9.205601513385773,45.46064235352821,2025-02-07T23:19:44.937218Z,9,14,24,,1, Men's Store
80,222 - Durante - D'aviano,9.222054854035378,45.48880306433099,2025-02-07T23:19:44.932804Z,23,6,30,2.5,3,"Women's Clothing, Accessories, Hats Fashion Retail"
81,202 - Marche - Zara,9.194136094479404,45.4956689767608,2025-02-07T23:19:44.932599Z,20,14,36,2.0,2,"Sports Wear, Soccer "
82,78 - Aquileia,9.16335940361023,45.4608605837716,2025-02-07T23:19:44.938504Z,8,14,24,0.6666666666666666,5,Children's Clothing Café
83,105 - Piazzale Lodi,9.2098568379879,45.4477417524713,2025-02-07T23:19:44.936796Z,22,9,33,4.0,3,Lingerie Shoe Store
84,354 - Foro Buonaparte,9.17841242366944,45.4676613908782,2025-02-07T23:19:44.932468Z,3,27,30,,1," Metals Supplier, Jewelry Store"
85,259 - Amendola M1,9.151653415424365,45.473620514397766,2025-02-07T23:19:44.934656Z,19,13,36,,7, Café
86,261 - Imbonati - Dergano M3,9.179833584912558,45.50536367702498,2025-02-07T23:19:44.933490Z,26,7,36,4.0,4,"Coffee & Tea, Candy Stores Bridal Store"
87,254 - Bausan - Brofferio,9.165000969223913,45.50250559435529,2025-02-07T23:19:44.934456Z,6,20,27,0.0,1,Fashion 
88,142 - Tiraboschi - Muratori,9.208676666021349,45.4521975113363,2025-02-07T23:19:44.934874Z,20,6,27,0.0,2,Fashion Clothing Store
89,221 - Accursio - Portello,9.145400726847583,45.4909258555569,2025-02-07T23:19:44.933459Z,25,10,36,1.25,13,"Fashion Café, Coffee Shop, Restaurant"
90,364 - Fezzan - Caterina da Forlì,9.1461441574621,45.4597611323961,2025-02-07T23:19:44.932199Z,11,18,30,4.25,6,"Coffee & Tea Bar, Café, Restaurant"
91,120 - F.Filzi,9.200339019298552,45.4843389152391,2025-02-07T23:19:44.936550Z,17,9,30,4.95,4,"Department Stores Bar, Café, Restaurant"
92,129 - Fiamma,9.211360216140749,45.464412350358415,2025-02-07T23:19:44.935895Z,35,0,36,3.5,2,"Children's Clothing Industrial Equipment Supplier, Bar, Café, Restaurant, Cruise"
93,328 - Bussero - F. Testi,9.207119643688202,45.5186768627278,2025-02-07T23:19:44.933171Z,2,24,30,4.0,3,"Women's Clothing, Men's Clothing Jewelry Store"
94,212 - Verrocchio - Juvara,9.21965897083282,45.4733133583997,2025-02-07T23:19:44.935383Z,16,18,36,,4," Café, Restaurant"
95,214 - Susa - Sidoli,9.2240632,45.4688508,2025-02-07T23:19:44.935055Z,19,8,33,3.15,5,"Sports Wear, Yoga Jewelry Store"
96,296 - Gioia - Cassina De' Pomm,9.20821599662304,45.4969106226505,2025-02-07T23:19:44.933074Z,24,0,30,6.800000000000001,2," Café, Restaurant"
97,V1 - Apulejo - Campania,9.22441043509366,45.46261856885451,2025-02-07T23:19:44.931942Z,4,14,20,,1, Café
98,268 - Lunigiana - Sammartini,9.207177291518974,45.49073239477288,2025-02-07T23:19:44.934121Z,5,16,24,,0,Fashion/Café/Bus
99,59 - Palestro 2,9.20156443145538,45.47241384829141,2025-02-07T23:19:44.937353Z,8,14,24,3.3,2,"Fashion, Adult Education, Caterers Café, Restaurant"
100,205 - Teodosio - Pacini,9.23010896454798,45.4828352409673,2025-02-07T23:19:44.934783Z,15,15,30,5.449999999999999,3,"Cocktail Bars, Sandwiches, Cafes, Coffee & Tea Clothing Store"
101,402 - San Babila Bis,9.197231009602548,45.4662351775674,2025-02-07T23:19:44.932667Z,8,13,24,,0,Fashion/Café/Bus
102,322 - Bicocca M5 - Pulci,9.20579295605421,45.5141709132862,2025-02-07T23:19:44.933138Z,11,16,30,4.0,1,"Used, Vintage & Consignment "
103,219 - Firenze,9.15589496391729,45.48736974980699,2025-02-07T23:19:44.933443Z,22,5,30,3.0,4,"Leather Goods, Sporting Goods Café, Restaurant"
104,66 - Cavour,9.196382761001589,45.47299172768571,2025-02-07T23:19:44.937248Z,1,24,27,,0,Fashion/Café/Bus
105,227 - Zavattari - Tempesta,9.143733733944828,45.4760557498563,2025-02-07T23:19:44.934409Z,4,22,27,0.0,4,Shoe Stores Café
106,382 - Ciclamini - Palazzo Del Ghiaccio,9.128908618100752,45.45442249822776,2025-02-07T23:19:44.932079Z,22,8,30,0.0,2,"Fashion Clothing Store, Bus Stop"
107,168 - Piazza Carbonari,9.19902205467224,45.492624764286,2025-02-07T23:19:44.936700Z,10,17,30,3.0,1,Men's Clothing 
108,159 - Gorini - Strambio,9.230583608150482,45.4734835774208,2025-02-07T23:19:44.934950Z,15,21,36,,0,Fashion/Café/Bus
109,124 - Porta Venezia 2,9.204680174589155,45.4751895009813,2025-02-07T23:19:44.936280Z,7,11,36,,0,Fashion/Café/Bus
110,172 - Napoli - Washington,9.154707938432692,45.4545179837016,2025-02-07T23:19:44.934981Z,20,16,36,0.0,4,"Shoe Repair, Shoe Stores, Accessories Bakery, Bar, Café"
111,30 - Crocetta,9.195739030838013,45.45614587001081,2025-02-07T23:19:44.938046Z,5,11,18,2.75,6,"Cafes, Coffee & Tea Café, Restaurant"
112,58 - Sant'Agostino,9.169555306434631,45.45889271845852,2025-02-07T23:19:44.937368Z,17,2,24,,0,Fashion/Café/Bus
113,201 - IV Novembre,9.203487932682036,45.4870984931302,2025-02-07T23:19:44.936581Z,8,26,36,,0,Fashion/Café/Bus
114,200 - P.zza Luigi di Savoia,9.206242561340332,45.4849359733637,2025-02-07T23:19:44.936566Z,11,23,36,0.0,2,"Coffee & Tea Clothing Store, Men's Store, Women's Store"
115,53 - Palestro 1,9.20191111103142,45.472245934784354,2025-02-07T23:19:44.937443Z,3,20,24,5.0,1,Women's Clothing 
116,191 - Farini - Quadrio,9.182203316740924,45.48394602874478,2025-02-07T23:19:44.934828Z,15,20,36,4.0,1,Fashion 
117,75 - Cusani,9.185059815645218,45.468812242395,2025-02-07T23:19:44.937067Z,8,13,24,4.116666666666667,6,"Coffee & Tea, Bars Shoe Store"
118,274 - Belloveso - Monte Rotondo,9.194082923063576,45.514932620578776,2025-02-07T23:19:44.932182Z,16,9,30,3.5749999999999997,5,Lingerie Jewelry Store
119,134 - Teodosio - Porpora,9.230042472481728,45.4862193918482,2025-02-07T23:19:44.932700Z,8,20,30,4.0,5,"Cafes, Coffee & Tea, Bars Café"
120,253 - Bovisa Passante 1 - Alfieri,9.16057398324483,45.50275468075098,2025-02-07T23:19:44.934425Z,4,24,30,,1, Jewelry Store
121,309 - Carlo Magno - Alcuino,9.1558734656428,45.48148357338293,2025-02-07T23:19:44.934548Z,16,12,30,1.0,2,"Cafes, Coffee & Tea "
122,154 - Ascanio Sforza - Pavia,9.17755164206028,45.4473691688493,2025-02-07T23:19:44.935833Z,30,5,36,6.5,3," Café, Restaurant"
123,206 - Friuli,9.213594496250153,45.454779921587104,2025-02-07T23:19:44.935511Z,13,23,36,1.65,3,"Desserts, Coffee & Tea, Bakeries Café"
124,108 - Tunisia - Cozzi,9.201482981443403,45.4790017807546,2025-02-07T23:19:44.936715Z,5,21,27,2.25,7,Coffee & Tea Café
125,196 - Lagosta,9.19098615646362,45.489129305668,2025-02-07T23:19:44.936110Z,28,4,36,0.0,2,"Men's Clothing, Women's Clothing Clothing Store, Women's Store"
126,251 - Villapizzone FFSS - Lambruschini,9.152684265427524,45.5023768209563,2025-02-07T23:19:44.934533Z,15,12,30,3.0,1,Lingerie 
127,317 - Alserio - Cola Montano,9.18587990105152,45.4909917596509,2025-02-07T23:19:44.933041Z,12,17,30,3.9,3,Shoe Stores Women's Store
128,304 - Adamello - Lorenzini,9.203085708722938,45.443514101109,2025-02-07T23:19:44.933427Z,15,15,30,3.9,2,Fashion 
129,51 - Santa Maria delle Grazie,9.16981279850006,45.4666057554561,2025-02-07T23:19:44.937474Z,16,5,24,,1," Clothing Store, Shoe Store"
130,101 - Gadio - Paleocapa,9.17543739080429,45.46996341868438,2025-02-07T23:19:44.936826Z,7,29,36,,0,Fashion/Café/Bus
131,148 - Bocconi 3 - I. Aragona,9.19054090976715,45.45105067629959,2025-02-07T23:19:44.936685Z,29,2,33,2.0,7,Fashion Bus Station
132,29 - San Pietro in Gessate,9.201283156871796,45.4623862905834,2025-02-07T23:19:44.938062Z,2,22,27,2.0,2,Accessories 
133,52 - Vittor Pisani,9.199357330799105,45.4805956397186,2025-02-07T23:19:44.937458Z,17,3,24,4.0,1,Fashion 
134,132 - Bronzetti - Archimede,9.21461775898933,45.4654733219714,2025-02-07T23:19:44.935663Z,35,0,36,,1, Jewelry Store
135,361 - Bottini 1 - Lambrate M2,9.23677669212935,45.484573752732,2025-02-07T23:19:44.932334Z,27,4,33,4.5,1,"Coffee & Tea, Coffee Roasteries "
136,3 - Cadorna 1,9.175646603107452,45.4679573094956,2025-02-07T23:19:44.938873Z,5,15,21,3.3,4,"Shoe Stores, Sports Wear, Fitness & Instruction Bridal Store"
137,47 - Gorizia 1,9.1777803003788,45.452343333644464,2025-02-07T23:19:44.937534Z,8,15,24,0.0,1,Shoe Stores 
138,232 - De Angeli - R. Sanzio,9.150283661469985,45.466915618781606,2025-02-07T23:19:44.934721Z,24,10,36,2.2,12,"Fashion Advertising Agency, Primary and Secondary School, Bathing Area, Clothing Store"
139,326 - Arcimboldi - Innovazione,9.213961914663912,45.51585444430936,2025-02-07T23:19:44.932717Z,12,21,36,2.6,8,"Art Supplies, Accessories Fashion Retail"
140,342 - Bologna,9.22368985503459,45.444625624164,2025-02-07T23:19:44.932534Z,24,5,30,,0,Fashion/Café/Bus
141,4 - Lanza,9.18194442987442,45.4722976762067,2025-02-07T23:19:44.938521Z,21,2,24,0.0,2,"Women's Clothing, Men's Clothing, Luggage Industrial Equipment Supplier, Orthopedic Surgeon, Shoe Store, Medical Supply Store"
142,305 - Spadolini - Centro Leoni,9.189450645499164,45.44310088793511,2025-02-07T23:19:44.934581Z,25,4,30,1.5,3,"Food Delivery Services, Cafes, Coffee & Tea Fashion Retail"
143,"12 - San Lorenzo - ""Colonne""",9.18145626783371,45.45859922596811,2025-02-07T23:19:44.938332Z,19,8,30,3.0,5,Women's Clothing Clothing Store
144,197 - Garibaldi - Sturzo,9.188586920499802,45.4838678460168,2025-02-07T23:19:44.932766Z,25,1,27,,0,Fashion/Café/Bus
145,362 - Bottini 2 - Lambrate M2,9.23576418463039,45.485060201592,2025-02-07T23:19:44.932316Z,19,4,24,3.75,2,Shoe Stores 
146,311 - De Marchi - Lucini,9.208993837237358,45.50038300466718,2025-02-07T23:19:44.933025Z,18,9,30,1.0,4,Coffee & Tea Fashion Accessories Store
147,145 - Lombardia - Vallazze,9.223684966564178,45.48405777859231,2025-02-07T23:19:44.934920Z,20,10,30,,2, Jewelry Store
148,135 - Muratori - Umbria,9.21250283718109,45.4508098285709,2025-02-07T23:19:44.935414Z,19,9,30,1.65,2,Leather Goods 
149,49 - Meda,9.192995131015778,45.4664684349997,2025-02-07T23:19:44.937503Z,11,12,24,4.0,2,"Women's Clothing, Accessories, Men's Clothing Clothing Store, Jewelry Store"
150,157 - Roncaglia - Washington,9.15437400341034,45.4587835996341,2025-02-07T23:19:44.934890Z,16,19,36,,0,Fashion/Café/Bus
151,265 - Arduino,9.151248560188264,45.4771033100193,2025-02-07T23:19:44.934329Z,33,0,36,0.0,3,Fur Clothing Clothing Store
152,111 - B.Marcello - Boscovich,9.20751929283142,45.480199765093,2025-02-07T23:19:44.935463Z,31,0,33,3.3,1,"Fabric Stores, Used, Vintage & Consignment "
153,193 - Garibaldi Pepe,9.18500751256942,45.4867487346913,2025-02-07T23:19:44.936080Z,21,9,30,4.5,2,"Men's Clothing Office Building, Clothing Store"
154,199 - Galvani - Restelli - RL,9.196211099624634,45.48786945836362,2025-02-07T23:19:44.934844Z,10,14,27,,4," Bar, Café, Restaurant"
155,44 - Richini,9.192933440208437,45.4593686998265,2025-02-07T23:19:44.937578Z,8,15,24,,0,Fashion/Café/Bus
156,77 - Sant'Angelo - P.ta Nuova,9.191769361495972,45.4765747030145,2025-02-07T23:19:44.937127Z,2,17,24,1.75,2,"Accessories, Shoe Stores "
157,301 - Toscana- Leoni,9.194030517392092,45.44616686422791,2025-02-07T23:19:44.934563Z,14,15,30,2.4,2,Lingerie 
158,34 - Cairoli,9.182230085134506,45.4677475715009,2025-02-07T23:19:44.938000Z,2,21,27,,0,Fashion/Café/Bus
159,208 - Brianza - Venini,9.2124841153327,45.48787561662952,2025-02-07T23:19:44.934798Z,9,27,36,2.6666666666666665,3,Fashion 
160,70 - Fatebenefratelli,9.189996421337128,45.4731290322501,2025-02-07T23:19:44.937187Z,14,15,30,2.0,3,Women's Clothing Shoe Store
161,36 - San Vito,9.183764308691025,45.4592313617415,2025-02-07T23:19:44.937968Z,27,0,27,2.5,2,Fashion 
162,373 - Brunelleschi - Giambellino,9.144573636957375,45.44881139100968,2025-02-07T23:19:44.932097Z,19,4,24,0.75,6,Lingerie Bus Station
163,6 - San Giorgio,9.18361410498619,45.4608746934565,2025-02-07T23:19:44.938440Z,19,5,24,0.0,2,Women's Clothing Jewelry Store
164,87 - Porta Genova,9.169653207063677,45.45297553954859,2025-02-07T23:19:44.936296Z,19,5,27,2.6,9,"Women's Clothing, Men's Clothing Clothing Store"
165,500 - Cascina Merlata - UpTown,9.10339201326996,45.5072021392292,2025-02-07T23:19:44.932012Z,14,14,30,,3, Café
166,50 - Beccaria,9.194864630699158,45.4643634398381,2025-02-07T23:19:44.937489Z,3,20,24,,1, Women's Store
167,329 - Chiese - F. Testi,9.210232347249985,45.52237908294681,2025-02-07T23:19:44.933121Z,9,18,30,2.766666666666667,6,Leather Goods Jewelry Store
168,186 - Procaccini - Gramsci,9.168377816677094,45.48198917149688,2025-02-07T23:19:44.935011Z,32,3,36,0.4,8,"Shoe Stores Café, Restaurant"
169,48 - Gorizia 2,9.177871495485306,45.45224925477916,2025-02-07T23:19:44.937519Z,2,11,15,2.0,4,Lingerie Jewelry Store
170,119 - Settembrini - Vitruvio,9.20681655406951,45.4824649578546,2025-02-07T23:19:44.936095Z,22,10,33,1.5,3,"Bespoke Clothing, Men's Clothing, Accessories Café, Restaurant"
171,131 - Emilia - Piceno,9.216114431619644,45.4622809410085,2025-02-07T23:19:44.935739Z,25,11,36,,1, Women's Store
172,156 - Arcole - Argelati,9.17280614376068,45.449650734492096,2025-02-07T23:19:44.935070Z,25,10,36,0.0,5,"Leather Goods Bank, Café"
173,V2 - Hajech,9.21851054770636,45.46462568280333,2025-02-07T23:19:44.931922Z,4,16,20,,2, Café
174,10 - Missori,9.188346862792969,45.4613233795961,2025-02-07T23:19:44.938363Z,11,12,24,4.5,2,"Shoe Stores Bar, Café"
175,189 - Procaccini . Cimitero Monumentale,9.177352514018196,45.48394538808671,2025-02-07T23:19:44.935800Z,17,16,33,,0,Fashion/Café/Bus
176,187 - Sarpi Albertini,9.172256290912628,45.48101689992338,2025-02-07T23:19:44.936760Z,10,10,24,1.1666666666666667,4,Shoe Stores Café
177,"104 - M. Gioia - ""Regione""",9.19692724943161,45.4863293977864,2025-02-07T23:19:44.936811Z,4,30,36,,0,Fashion/Café/Bus
178,14 - San Barnaba H Mangiagalli,9.198394417762756,45.45950603757711,2025-02-07T23:19:44.938303Z,0,18,21,,1, Clothing Store
179,327 - Pirelli - UNI Bicocca,9.212848842144012,45.51854906600519,2025-02-07T23:19:44.932734Z,1,19,24,0.0,1,"Coffee & Tea, Tea Rooms "
180,358 - Insubria - Bruno,9.2214320870205,45.4524786390243,2025-02-07T23:19:44.932385Z,17,9,27,0.0,2,"Jewelry, Accessories, Religious Items Clothing Store"
181,262 - Livigno - Monte San Genesio,9.17841469634368,45.5001103140391,2025-02-07T23:19:44.934036Z,14,13,30,1.4777777777777779,14,Fashion Clothing Store
182,86 - Mascagni,9.203065484762192,45.4653961952754,2025-02-07T23:19:44.937038Z,6,13,24,4.575,5,"Swimwear Café, Coffee Shop, Restaurant"
183,153 - Segantini - Darwin,9.1727471351624,45.4455297363669,2025-02-07T23:19:44.935085Z,18,18,36,4.525,3,"Accessories, Men's Clothing, Women's Clothing Café, Tea Room, Restaurant"
184,55 - Cinque Giornate,9.20689970254898,45.4626515448913,2025-02-07T23:19:44.937413Z,3,20,24,,1, Women's Store
185,195 - Pola RL,9.19331431388854,45.4890804165967,2025-02-07T23:19:44.936156Z,7,18,27,2.25,6,"Children's Clothing, Baby Gear & Furniture Event Service, Fashion Retail"
186,325 - Romolo M2,9.16759064202779,45.443538894779,2025-02-07T23:19:44.934518Z,27,9,36,2.6,6,Women's Clothing Café
187,319 - Gioia - Cagliero,9.206086322665216,45.4937124676405,2025-02-07T23:19:44.933057Z,19,7,30,6.5,4, Clothing Store
188,151 - Balilla - Tibaldi,9.18266862630844,45.444479680497125,2025-02-07T23:19:44.936656Z,22,13,36,4.0,2,"Jewelry, Accessories Shoe Store"
189,282 - Dergano,9.176682212502245,45.50331806548903,2025-02-07T23:19:44.934008Z,15,8,24,,2," Bistro, Café"
190,372 - Soderini - Provincia di Milano,9.14228987095253,45.4565991971634,2025-02-07T23:19:44.932299Z,23,7,30,0.0,2,"Fashion Café, Restaurant"
191,226 - Lotto,9.143382418260444,45.4799184197211,2025-02-07T23:19:44.933395Z,4,23,30,0.0,3,"Fashion Café, Restaurant"
192,V3 - Commenda - Berchet,9.199369054959677,45.45548125196515,2025-02-07T23:19:44.931896Z,2,18,20,0.0,3,Fashion Shoe Store
193,94 - Cadorna 3,9.17618304491043,45.4680673510909,2025-02-07T23:19:44.936140Z,20,8,30,5.0,1,"Home Decor, Used, Vintage & Consignment "
194,100 - Palazzo Marino - Caserotte,9.1915225982666,45.4669311847908,2025-02-07T23:19:44.936186Z,14,21,36,4.533333333333333,5,"Coffee & Tea Bakery, Café, Coffee Shop"
195,501 - Cascina Merlata - Social Village,9.10076199729425,45.5116249347622,2025-02-07T23:19:44.931995Z,20,7,30,0.0,8,"Fashion Bar, Café, Restaurant"
196,198 - Garibaldi 2 - Sturzo,9.18830564644486,45.4835608765734,2025-02-07T23:19:44.932616Z,10,14,30,,3," Bar, Café, Restaurant"
197,38 - XXIV Maggio,9.179578721523283,45.4522247942485,2025-02-07T23:19:44.937172Z,3,14,18,,1, Jewelry Store
198,123 - Castel Morrone - M. A. Di Savoia,9.214619100093842,45.47262307267978,2025-02-07T23:19:44.935864Z,12,16,30,,0,Fashion/Café/Bus
199,366 - Carlini - Dalviano,9.14203769137316,45.4530460437914,2025-02-07T23:19:44.932267Z,26,2,30,5.083333333333333,9,Shoe Stores Café
200,235 - Certosa - Monteceneri,9.151959359754642,45.4897226580409,2025-02-07T23:19:44.932633Z,25,4,30,4.9,5," Advertising Agency, Business and Strategy Consulting Office, Computer Repair Service, Engineer, Management Consultant, Clothing Store, Candy Store"
201,225 - Chiesa - E. Filiberto,9.156582829356807,45.4847643315369,2025-02-07T23:19:44.934641Z,27,0,30,6.15,5, Shoe Store
202,166 - Dezza - Caravaggio,9.162706285715103,45.4594891055437,2025-02-07T23:19:44.936233Z,13,9,24,,0,Fashion/Café/Bus
203,27 - Porta Venezia,9.204601049423218,45.47466193035721,2025-02-07T23:19:44.938093Z,20,2,24,,2, Clothing Store
204,33 - Triennale,9.1736192479282,45.47195429900557,2025-02-07T23:19:44.938015Z,26,9,36,0.0,4,"Jewelry, Accessories Women's Store"
205,99 - Arco della Pace 1 - Bertani,9.173370748758316,45.4761599923312,2025-02-07T23:19:44.936994Z,27,1,30,0.0,1,"Italian, Coffee & Tea "
206,162 - Piola,9.224631786346436,45.480625729837705,2025-02-07T23:19:44.934859Z,31,2,36,,1," Clothing Store, Women's Store"
207,256 - Lancetti Passante - Maloja,9.17637085317665,45.4948893634155,2025-02-07T23:19:44.934089Z,12,18,30,4.0,2,"Lingerie Bar, Café"
208,92 - Cordusio - Casati,9.185455441474916,45.46550530130222,2025-02-07T23:19:44.936857Z,12,11,24,5.0,1,"Women's Clothing, Men's Clothing, Bookstores "
209,"96 - Donizetti ""Provincia""",9.204445481300354,45.4674334333138,2025-02-07T23:19:44.936902Z,9,13,24,3.75,4,"Children's Clothing Lounge, Café, Gastropub"
210,5 - Università Cattolica,9.17644590139389,45.4630672955861,2025-02-07T23:19:44.938456Z,10,14,24,,1, Café
211,1 - Duomo,9.18879747390747,45.464683238626,2025-02-07T23:19:44.940830Z,13,19,33,5.425,4,"Fashion Café, Coffee Shop, Restaurant"
212,28 - San Giovanni sul Muro,9.18142944574356,45.4675086761528,2025-02-07T23:19:44.938077Z,13,11,24,,1," Café, Restaurant"
213,160 - Zara M3,9.192005395889282,45.491665838114415,2025-02-07T23:19:44.935785Z,17,16,36,,1, Shoe Store
214,46 - Porta Nuova,9.192852973937988,45.47994305630768,2025-02-07T23:19:44.937549Z,6,16,24,,1," Café, Restaurant"
215,250 - Castelli - Ailanti,9.151882258083788,45.4992908710408,2025-02-07T23:19:44.934752Z,20,6,27,0.0,7,Fashion Café
216,117 - Bacone - Monteverdi,9.21491682529449,45.4813309624015,2025-02-07T23:19:44.935131Z,16,19,36,3.7,2,"Men's Clothing, Outlet Stores "
217,164 - Bergognone - Tortona,9.16502773761749,45.4524016624621,2025-02-07T23:19:44.935431Z,13,16,30,4.15,5,Fashion Clothing Store
218,60 - Edison,9.183642268180847,45.46433334103519,2025-02-07T23:19:44.937337Z,14,9,24,,1, Café
219,171 - Elba - Cimarosa,9.15732443332672,45.4633776956896,2025-02-07T23:19:44.935679Z,21,11,33,5.0,1,Women's Clothing 
220,113 - Buenos Aires - Lima,9.21108528971672,45.4801969441237,2025-02-07T23:19:44.935941Z,20,4,24,1.5,4,"Cafes, Coffee & Tea Clothing Store"
221,31 - Brenta MM,9.219192266464232,45.4426254033088,2025-02-07T23:19:44.935025Z,25,6,36,3.0,3,Accessories Café
222,181 - Sempione - Melzi d Eril,9.1697658598423,45.47786207342482,2025-02-07T23:19:44.936249Z,16,5,27,4.05,4,Fashion Clothing Store
223,143 - Lodi - Papi,9.206772297620772,45.4501155039721,2025-02-07T23:19:44.936596Z,17,4,21,5.8,6,"Accessories, Leather Goods, Outlet Stores Café, Pastry Shop, Restaurant"
224,88 - Beatrice d'Este - Cassolo,9.197477102279665,45.45222855740771,2025-02-07T23:19:44.938419Z,3,19,24,4.883333333333333,5,"Lingerie Bar, Café, Restaurant"
225,215 - Politecnico,9.22636985778808,45.4786717193695,2025-02-07T23:19:44.935447Z,22,12,36,,0,Fashion/Café/Bus
226,257 - Valtellina - Aprica,9.182389730185603,45.493106947527,2025-02-07T23:19:44.934073Z,18,5,24,0.0,3,Shoe Stores 
227,334 - Molino Dorino M1,9.09434621935361,45.505082645405416,2025-02-07T23:19:44.933295Z,2,24,30,,2, Children's Clothing Store
228,91 - Gioia - Pirelli,9.195862412452698,45.48405213703988,2025-02-07T23:19:44.937009Z,8,16,24,,2," Café, Restaurant"
229,140 - Cirene - Friuli,9.212516248226166,45.4534854385523,2025-02-07T23:19:44.935585Z,18,5,24,5.7,1," Café, Lounge"
230,315 - Ospedale Maggiore,9.189549833536148,45.5085913055572,2025-02-07T23:19:44.933090Z,12,15,30,1.6666666666666667,4,Fashion Jewelry Store
231,377 - Inganni - Lorenteggio,9.12786200617444,45.447323784397895,2025-02-07T23:19:44.932148Z,14,9,24,4.0,5,"Sports Wear, Golf Café"
232,179 - Giovanni XXIII,9.16419088840484,45.4749496967644,2025-02-07T23:19:44.935693Z,11,24,36,,1," Café, Restaurant"
233,174 - Vercelli - Piemonte,9.15532350540161,45.4670873149608,2025-02-07T23:19:44.935631Z,16,17,36,1.0,5,Fashion Clothing Store
234,233 - Mac Mahon - Artieri,9.155079477995969,45.4958153324679,2025-02-07T23:19:44.934737Z,9,13,24,3.3,22,"Shoe Stores Clothing Store, Women's Store"
235,176 - Buonarroti,9.15540397167205,45.4707553089853,2025-02-07T23:19:44.935616Z,22,12,36,,0,Fashion/Café/Bus
236,85 - D'Ancona,9.175760596990584,45.4657385617546,2025-02-07T23:19:44.937142Z,11,10,21,3.35,8,Accessories Café
237,266 - Sauli - Battaglia,9.213269396984517,45.491094787230686,2025-02-07T23:19:44.934158Z,8,12,24,2.6666666666666665,3,Shoe Stores 
238,57 - Brera,9.1876361926534,45.47183339535295,2025-02-07T23:19:44.937383Z,18,5,24,4.75,5,"Women's Clothing Bar, Café, Restaurant"
239,97 - Molino delle Armi,9.182434603571892,45.45695770935471,2025-02-07T23:19:44.937112Z,30,2,33,2.0,9,Sports Wear Children's Clothing Store
240,93 -  Cino Del Duca - Borgogna,9.19915735829494,45.46622424413124,2025-02-07T23:19:44.936933Z,9,20,30,2.5,3,Shoe Stores Café
241,40 - Morozzo della Rocca,9.168863296508787,45.4638780946823,2025-02-07T23:19:44.937639Z,14,10,24,,0,Fashion/Café/Bus
242,118 - VIII novembre - Ramazzini,9.21120159637738,45.474904760879866,2025-02-07T23:19:44.935880Z,31,2,36,,1, Women's Store
243,146 - Crema - Giulio Romano,9.2027395963669,45.4480098982521,2025-02-07T23:19:44.935100Z,22,7,30,0.0,3,"Women's Clothing, Men's Clothing Shoe Store"
244,76 - Mentana,9.181921631097794,45.46175701207371,2025-02-07T23:19:44.936964Z,3,19,24,,0,Fashion/Café/Bus
245,260 - Baldinucci - Maffucci,9.168966615170577,45.5034828997716,2025-02-07T23:19:44.934056Z,9,13,24,3.0,4,Accessories Café
246,18 - Tommaseo,9.16655659675598,45.469401000526105,2025-02-07T23:19:44.938240Z,19,5,24,,0,Fashion/Café/Bus
247,267 - Sardegna - Sicilia,9.15291457129632,45.46397905672925,2025-02-07T23:19:44.934136Z,22,7,30,1.6666666666666667,6,Fashion Clothing Store
248,32 - Manin - Bastioni,9.198283106088638,45.47685117510771,2025-02-07T23:19:44.938030Z,5,23,30,3.5,3,"Fashion Bar, Café"
249,22 - Medaglie D'Oro 1,9.203495979309082,45.4515963431301,2025-02-07T23:19:44.938171Z,16,4,21,4.12,10,"Leather Goods Café, Restaurant"
250,169 - Vesuvio - Lipari,9.159582182765009,45.4593385983571,2025-02-07T23:19:44.935495Z,17,16,36,,1, Bus Station
251,303 - Benaco - Brembo,9.212037473917007,45.44450414438672,2025-02-07T23:19:44.932782Z,17,13,30,4.95,5,"Lingerie Bakery, Café, Restaurant"
252,363 - Tripoli,9.14968979786846,45.4595449087548,2025-02-07T23:19:44.932450Z,11,17,30,3.15,4,"Fashion Café, Coffee Shop, Restaurant"
253,138 - Cadore - Pinaroli,9.213141202926636,45.4583170202097,2025-02-07T23:19:44.935569Z,15,20,36,2.0,4,Fashion Shoe Store
254,126 - Modena - Castel Morrone,9.21439379453659,45.47081549971711,2025-02-07T23:19:44.935926Z,21,15,36,5.0,1,"Jewelry, Leather Goods, Accessories "
255,147 - Ripamonti Bellezza,9.1972330212593,45.4487691672851,2025-02-07T23:19:44.935974Z,16,13,30,,0,Fashion/Café/Bus
256,283 - Reni - Guardi,9.225905943021644,45.47048852203311,2025-02-07T23:19:44.933255Z,21,4,30,,0,Fashion/Café/Bus
257,41 - Conciliazione,9.16696697473526,45.46769113962029,2025-02-07T23:19:44.937623Z,13,4,18,,0,Fashion/Café/Bus
258,116 - Morgagni Redi,9.21183228492736,45.4779250776498,2025-02-07T23:19:44.935989Z,22,1,24,5.7,5,"Leather Goods, Accessories Cocktail Bar, Café, Restaurant"
259,356 - Giambellino - Odazio,9.1352729970192,45.44714020889242,2025-02-07T23:19:44.932114Z,19,11,30,0.0,4,"Fashion Bar, Café, Restaurant"
260,188 - Sarpi Niccolini,9.178106188774109,45.4816074111582,2025-02-07T23:19:44.936774Z,18,1,24,4.35,9,"Men's Clothing, Women's Clothing Shoe Store"
261,263 - Castello,9.181974124364416,45.46953851408742,2025-02-07T23:19:44.934362Z,25,8,36,,1, Fashion Retail
262,80 - Manzoni,9.19247344136238,45.47119357128121,2025-02-07T23:19:44.937097Z,17,4,24,2.5285714285714285,8,Lingerie Shoe Store
263,13 - Senato,9.197570979595184,45.4704317827007,2025-02-07T23:19:44.938317Z,4,12,18,2.0,6,"Shoe Stores Café, Coffee Shop, Restaurant"
264,255 - Nigra - Castellini,9.170451217942173,45.496247054485615,2025-02-07T23:19:44.934471Z,17,8,27,3.975,6,Shoe Stores Clothing Store
265,241 - Stuparich - Albani,9.143997931532796,45.48280548104578,2025-02-07T23:19:44.934377Z,15,10,27,,0,Fashion/Café/Bus
266,102 - Arcivescovado,9.1929629445076,45.463789678642016,2025-02-07T23:19:44.936872Z,7,22,30,0.0,5,Fashion Fashion Accessories Store
267,270 - Stelvio - Farini,9.185019636206562,45.49472860992402,2025-02-07T23:19:44.933474Z,27,1,30,0.0,2,"Leather Goods, Luggage Clothing Store"
268,144 - Brescia,9.145389944314957,45.47155753330152,2025-02-07T23:19:44.934905Z,25,11,36,4.9,1," Bar, Café"
269,321 - Piazza Nizza,9.188718348741531,45.5034294174545,2025-02-07T23:19:44.933221Z,22,1,27,,0,Fashion/Café/Bus
270,109 - Tunisia Lecco Bellintani,9.20493096113204,45.4774342070483,2025-02-07T23:19:44.935479Z,10,23,36,4.0,3,"Sports Wear Café, Restaurant"
271,115 - Caiazzo,9.2091641575098,45.485198300838,2025-02-07T23:19:44.935398Z,23,13,36,,3," Jewelry Store, Watch Store"
272,19 - Italia - Santa Sofia,9.18748252093792,45.45587494072252,2025-02-07T23:19:44.938219Z,7,21,30,0.0,2,"Sports Wear, Venues & Event Spaces Office, Clothing Store"
273,63 - Sant'Ambrogio,9.174621999263763,45.4622188599169,2025-02-07T23:19:44.937293Z,7,21,30,3.1666666666666665,5,"Women's Clothing, Thrift Stores, Accessories Café"
274,17 - Legnano Arena civica,9.180986881256104,45.47712764584451,2025-02-07T23:19:44.938256Z,5,8,18,,0,Fashion/Café/Bus
275,210 - Aspromonte - Pecchio,9.219327718019484,45.4841865938856,2025-02-07T23:19:44.934935Z,28,7,36,4.0,2,Coffee & Tea Café
276,182 - Melzi d Eril - Cagnola,9.172908067703249,45.47837080702029,2025-02-07T23:19:44.936217Z,7,27,36,,1, Café
277,15 - Cantore,9.172779321670532,45.455792156513695,2025-02-07T23:19:44.938287Z,18,6,24,1.8,8,"Leather Goods Clothing Store, Men's Store, Women's Store"
278,343 - Ortles - Ripamonti,9.20045223215288,45.4388845662686,2025-02-07T23:19:44.932517Z,20,5,30,3.9333333333333336,5,"Children's Clothing Bar, Café"
279,9 - S. Stefano,9.195329993963242,45.4623797062408,2025-02-07T23:19:44.938379Z,6,8,18,7.3,1," Café, Restaurant"
280,207 - Loreto 1,9.217545443825657,45.4858300443208,2025-02-07T23:19:44.934596Z,30,6,36,,0,Fashion/Café/Bus
281,26 - Centrale 2,9.204303324222565,45.4845899624971,2025-02-07T23:19:44.938109Z,8,11,24,,0,Fashion/Café/Bus
282,318 - Gioia - Carissimi,9.202329272084173,45.49078671409918,2025-02-07T23:19:44.933344Z,0,30,36,,0,Fashion/Café/Bus
283,379 - Inganni - Corba,9.125978599462885,45.450949690897374,2025-02-07T23:19:44.932131Z,17,13,30,3.5,2,"Women's Clothing, Men's Clothing, Children's Clothing Bus Station"
284,114 - Buenos Aires - Argentina,9.21469420194625,45.4837785210692,2025-02-07T23:19:44.936004Z,4,31,36,,2, Women's Store
285,376 - Tirana - San Cristoforo,9.130320445665744,45.443207285664045,2025-02-07T23:19:44.932165Z,21,15,36,1.3333333333333333,5,"Shoe Stores Advertising Agency, Clothing Store, Grocery Store"
286,380 - Inganni M1 - Zurigo,9.12287776850851,45.4568842675658,2025-02-07T23:19:44.932367Z,27,1,30,0.0,4,Men's Clothing 
287,137 - Sempione - RAI,9.16678726673126,45.4793619310003,2025-02-07T23:19:44.936050Z,22,8,36,4.15,5,Lingerie Café
288,204 - Valtellina - Farini,9.182256960921222,45.48899030076599,2025-02-07T23:19:44.933411Z,19,16,36,,0,Fashion/Café/Bus
289,194 - Borsieri - Confalonieri,9.18838441371917,45.4855433677342,2025-02-07T23:19:44.936035Z,28,7,36,7.4,1," Bar, Café, Restaurant"
290,307 - Piazzi - Bernina,9.18092390304082,45.49452578706,2025-02-07T23:19:44.934440Z,20,7,30,,0,Fashion/Café/Bus
291,127 - Risorgimento,9.210582375526428,45.46823476438801,2025-02-07T23:19:44.935754Z,15,20,36,,1, Clothing Store
292,238 - Govone - Borgese,9.168938612983766,45.4882827664623,2025-02-07T23:19:44.934612Z,24,1,27,0.0,1,Lingerie 
293,43 - Festa del Perdono,9.194851219654083,45.46143437477778,2025-02-07T23:19:44.937594Z,3,17,24,5.5,1," Café, Restaurant"
294,45 - Cantù,9.18670803308487,45.4642129456631,2025-02-07T23:19:44.937564Z,4,17,21,4.9,3,Accessories Clothing Store
295,237 - Caneva - Tolentino,9.160822141275275,45.4881915682506,2025-02-07T23:19:44.934768Z,22,0,24,2.0,3,"Bakeries, Coffee & Tea Clothing Store"
296,369 - San Gimignano - Tuberose,9.13620803583359,45.4589204992567,2025-02-07T23:19:44.932433Z,17,11,30,0.0,1,"Sports Wear, Customized Merchandise "
297,385 - Ortles - Orobia,9.20626558483846,45.4398549637213,2025-02-07T23:19:44.932484Z,21,5,27,0.0,2,"Men's Clothing, Sewing & Alterations Organization, Public and Social Service, Clothing Store"
298,340 - Corvetto - Polesine,9.22404184256379,45.4398393314734,2025-02-07T23:19:44.932566Z,20,5,30,4.575,4,"Fashion Pastry Shop, Café, Dessert Shop"
299,229 - QT8 - Isernia,9.13705235128873,45.48673641788378,2025-02-07T23:19:44.933328Z,19,11,30,5.3,2, Café
300,106 - Restelli - Galvani RL 1,9.19470772147178,45.4872733715353,2025-02-07T23:19:44.936125Z,17,12,36,0.0,1,"Shoe Stores, Shoe Repair "
301,89 - Patellani,9.194208036255873,45.45149584232627,2025-02-07T23:19:44.938472Z,16,6,24,,3, Café
302,211 - Bernini,9.221670627593994,45.4788240556337,2025-02-07T23:19:44.935116Z,22,4,27,,0,Fashion/Café/Bus
303,383 - Angilberto - Comacchio,9.217861220551782,45.43697741283822,2025-02-07T23:19:44.932583Z,21,15,36,4.533333333333333,8,"Swimwear, Lingerie Leather Supplier, Fashion Retail"
304,39 - XXV Aprile,9.186678528785706,45.4801818989517,2025-02-07T23:19:44.937930Z,16,4,24,6.6,3, Bridal Store
305,280 - Murat - Villani - Milano Sport,9.190676361322405,45.4994949620154,2025-02-07T23:19:44.933238Z,15,13,30,,0,Fashion/Café/Bus
306,95 - De Amicis - Conca Del Naviglio,9.178663417696953,45.458282214735,2025-02-07T23:19:44.936917Z,13,2,21,3.5,3,"Arts & Crafts, Leather Goods, Shoe Stores Women's Store"
307,185 - Santissima Trinità,9.176444560289385,45.47802193475378,2025-02-07T23:19:44.936201Z,24,5,36,2.3333333333333335,3,Men's Clothing 
308,64 - Diaz,9.189676433752538,45.46206403313312,2025-02-07T23:19:44.937278Z,3,29,39,4.5,2,Fashion Jewelry Store
309,173 - Vercelli - Cherubini,9.15931463241577,45.4668465357227,2025-02-07T23:19:44.935708Z,21,13,36,2.0,5,"Desserts, Bakeries, Coffee & Tea Shoe Store"
310,98 - San Marco,9.189179688692091,45.4786933473828,2025-02-07T23:19:44.937082Z,3,17,24,1.5,3,Fashion Fashion Accessories Store
311,184 - Porta Volta,9.182309210300446,45.4802336167138,2025-02-07T23:19:44.936745Z,29,4,33,5.0,1," Bar, Café, Restaurant"
